,images
0,/Users/harshartwani/Downloads/IIT_Kharagpur Dataset/ISED_database/peakImages10_1_173.jpg
1,/Users/harshartwani/Downloads/IIT_Kharagpur Dataset/ISED_database/peakImages10_2_15.jpg
2,/Users/harshartwani/Downloads/IIT_Kharagpur Dataset/ISED_database/peakImages10_4_9.jpg
3,/Users/harshartwani/Downloads/IIT_Kharagpur Dataset/ISED_database/peakImages11_10_31.jpg
4,/Users/harshartwani/Downloads/IIT_Kharagpur Dataset/ISED_database/peakImages11_13_43.jpg
5,/Users/harshartwani/Downloads/IIT_Kharagpur Dataset/ISED_database/peakImages11_15_44.jpg
6,/Users/harshartwani/Downloads/IIT_Kharagpur Dataset/ISED_database/peakImages11_16_89.jpg
7,/Users/harshartwani/Downloads/IIT_Kharagpur Dataset/ISED_database/peakImages11_17_39.jpg
8,/Users/harshartwani/Downloads/IIT_Kharagpur Dataset/ISED_database/peakImages11_18_163.jpg
9,/Users/harshartwani/Downloads/IIT_Kharagpur Dataset/ISED_database/peakImages11_1_67.jpg
10,/Users/harshartwani/Downloads/IIT_Kharagpur Dataset/ISED_database/peakImages11_2_86.jpg
11,/Users/harshartwani/Downloads/IIT_Kharagpur Dataset/ISED_database/peakImages11_3_19.jpg
12,/Users/harshartwani/Downloads/IIT_Kharagpur Dataset/ISED_database/peakImages11_4_73.jpg
13,/Users/harshartwani/Downloads/IIT_Kharagpur Dataset/ISED_database/peakImages11_5_34.jpg
14,/Users/harshartwani/Downloads/IIT_Kharagpur Dataset/ISED_database/peakImages11_6_77.jpg
15,/Users/harshartwani/Downloads/IIT_Kharagpur Dataset/ISED_database/peakImages11_7_47.jpg
16,/Users/harshartwani/Downloads/IIT_Kharagpur Dataset/ISED_database/peakImages11_8_74.jpg
17,/Users/harshartwani/Downloads/IIT_Kharagpur Dataset/ISED_database/peakImages11_9_37.jpg
18,/Users/harshartwani/Downloads/IIT_Kharagpur Dataset/ISED_database/peakImages12_3_55.jpg
19,/Users/harshartwani/Downloads/IIT_Kharagpur Dataset/ISED_database/peakImages12_4_54.jpg
20,/Users/harshartwani/Downloads/IIT_Kharagpur Dataset/ISED_database/peakImages13_10_67.jpg
21,/Users/harshartwani/Downloads/IIT_Kharagpur Dataset/ISED_database/peakImages13_1_58.jpg
22,/Users/harshartwani/Downloads/IIT_Kharagpur Dataset/ISED_database/peakImages13_2_80.jpg
23,/Users/harshartwani/Downloads/IIT_Kharagpur Dataset/ISED_database/peakImages13_3_17.jpg
24,/Users/harshartwani/Downloads/IIT_Kharagpur Dataset/ISED_database/peakImages13_4_12.jpg
25,/Users/harshartwani/Downloads/IIT_Kharagpur Dataset/ISED_database/peakImages13_5_46.jpg
26,/Users/harshartwani/Downloads/IIT_Kharagpur Dataset/ISED_database/peakImages13_6_42.jpg
27,/Users/harshartwani/Downloads/IIT_Kharagpur Dataset/ISED_database/peakImages13_7_62.jpg
28,/Users/harshartwani/Downloads/IIT_Kharagpur Dataset/ISED_database/peakImages13_8_36.jpg
29,/Users/harshartwani/Downloads/IIT_Kharagpur Dataset/ISED_database/peakImages13_9_35.jpg
30,/Users/harshartwani/Downloads/IIT_Kharagpur Dataset/ISED_database/peakImages14_1_65.jpg
31,/Users/harshartwani/Downloads/IIT_Kharagpur Dataset/ISED_database/peakImages14_2_41.jpg
32,/Users/harshartwani/Downloads/IIT_Kharagpur Dataset/ISED_database/peakImages14_3_34.jpg
33,/Users/harshartwani/Downloads/IIT_Kharagpur Dataset/ISED_database/peakImages14_4_44.jpg
34,/Users/harshartwani/Downloads/IIT_Kharagpur Dataset/ISED_database/peakImages14_5_30.jpg
35,/Users/harshartwani/Downloads/IIT_Kharagpur Dataset/ISED_database/peakImages14_6_102.jpg
36,/Users/harshartwani/Downloads/IIT_Kharagpur Dataset/ISED_database/peakImages14_7_32.jpg
37,/Users/harshartwani/Downloads/IIT_Kharagpur Dataset/ISED_database/peakImages15_1_61.jpg
38,/Users/harshartwani/Downloads/IIT_Kharagpur Dataset/ISED_database/peakImages15_2_71.jpg
39,/Users/harshartwani/Downloads/IIT_Kharagpur Dataset/ISED_database/peakImages15_3_47.jpg
40,/Users/harshartwani/Downloads/IIT_Kharagpur Dataset/ISED_database/peakImages15_4_22.jpg
41,/Users/harshartwani/Downloads/IIT_Kharagpur Dataset/ISED_database/peakImages15_6_159.jpg
42,/Users/harshartwani/Downloads/IIT_Kharagpur Dataset/ISED_database/peakImages15_7_71.jpg
43,/Users/harshartwani/Downloads/IIT_Kharagpur Dataset/ISED_database/peakImages15_8_70.jpg
44,/Users/harshartwani/Downloads/IIT_Kharagpur Dataset/ISED_database/peakImages15_9_32.jpg
45,/Users/harshartwani/Downloads/IIT_Kharagpur Dataset/ISED_database/peakImages16_1_35.jpg
46,/Users/harshartwani/Downloads/IIT_Kharagpur Dataset/ISED_database/peakImages16_2_40.jpg
47,/Users/harshartwani/Downloads/IIT_Kharagpur Dataset/ISED_database/peakImages16_3_63.jpg
48,/Users/harshartwani/Downloads/IIT_Kharagpur Dataset/ISED_database/peakImages16_4_31.jpg
49,/Users/harshartwani/Downloads/IIT_Kharagpur Dataset/ISED_database/peakImages17_1_68.jpg
50,/Users/harshartwani/Downloads/IIT_Kharagpur Dataset/ISED_database/peakImages17_2_60.jpg
51,/Users/harshartwani/Downloads/IIT_Kharagpur Dataset/ISED_database/peakImages17_3_39.jpg
52,/Users/harshartwani/Downloads/IIT_Kharagpur Dataset/ISED_database/peakImages17_4_63.jpg
53,/Users/harshartwani/Downloads/IIT_Kharagpur Dataset/ISED_database/peakImages19_1_17.jpg
54,/Users/harshartwani/Downloads/IIT_Kharagpur Dataset/ISED_database/peakImages19_2_72.jpg
55,/Users/harshartwani/Downloads/IIT_Kharagpur Dataset/ISED_database/peakImages19_3_24.jpg
56,/Users/harshartwani/Downloads/IIT_Kharagpur Dataset/ISED_database/peakImages19_4_22.jpg
57,/Users/harshartwani/Downloads/IIT_Kharagpur Dataset/ISED_database/peakImages1_1_116.jpg
58,/Users/harshartwani/Downloads/IIT_Kharagpur Dataset/ISED_database/peakImages1_2_25.jpg
59,/Users/harshartwani/Downloads/IIT_Kharagpur Dataset/ISED_database/peakImages1_3_149.jpg
60,/Users/harshartwani/Downloads/IIT_Kharagpur Dataset/ISED_database/peakImages1_4_95.jpg
61,/Users/harshartwani/Downloads/IIT_Kharagpur Dataset/ISED_database/peakImages1_5_39.jpg
62,/Users/harshartwani/Downloads/IIT_Kharagpur Dataset/ISED_database/peakImages20_10_59.jpg
63,/Users/harshartwani/Downloads/IIT_Kharagpur Dataset/ISED_database/peakImages20_11_49.jpg
64,/Users/harshartwani/Downloads/IIT_Kharagpur Dataset/ISED_database/peakImages20_12_49.jpg
65,/Users/harshartwani/Downloads/IIT_Kharagpur Dataset/ISED_database/peakImages20_13_29.jpg
66,/Users/harshartwani/Downloads/IIT_Kharagpur Dataset/ISED_database/peakImages20_1_17.jpg
67,/Users/harshartwani/Downloads/IIT_Kharagpur Dataset/ISED_database/peakImages20_2_32.jpg
68,/Users/harshartwani/Downloads/IIT_Kharagpur Dataset/ISED_database/peakImages20_3_71.jpg
69,/Users/harshartwani/Downloads/IIT_Kharagpur Dataset/ISED_database/peakImages20_4_32.jpg
70,/Users/harshartwani/Downloads/IIT_Kharagpur Dataset/ISED_database/peakImages20_5_49.jpg
71,/Users/harshartwani/Downloads/IIT_Kharagpur Dataset/ISED_database/peakImages20_6_32.jpg
72,/Users/harshartwani/Downloads/IIT_Kharagpur Dataset/ISED_database/peakImages20_7_63.jpg
73,/Users/harshartwani/Downloads/IIT_Kharagpur Dataset/ISED_database/peakImages20_8_42.jpg
74,/Users/harshartwani/Downloads/IIT_Kharagpur Dataset/ISED_database/peakImages20_9_50.jpg
75,/Users/harshartwani/Downloads/IIT_Kharagpur Dataset/ISED_database/peakImages21_1_30.jpg
76,/Users/harshartwani/Downloads/IIT_Kharagpur Dataset/ISED_database/peakImages21_2_28.jpg
77,/Users/harshartwani/Downloads/IIT_Kharagpur Dataset/ISED_database/peakImages21_3_76.jpg
78,/Users/harshartwani/Downloads/IIT_Kharagpur Dataset/ISED_database/peakImages21_4_43.jpg
79,/Users/harshartwani/Downloads/IIT_Kharagpur Dataset/ISED_database/peakImages21_5_49.jpg
80,/Users/harshartwani/Downloads/IIT_Kharagpur Dataset/ISED_database/peakImages21_6_13.jpg
81,/Users/harshartwani/Downloads/IIT_Kharagpur Dataset/ISED_database/peakImages21_7_38.jpg
82,/Users/harshartwani/Downloads/IIT_Kharagpur Dataset/ISED_database/peakImages21_8_39.jpg
83,/Users/harshartwani/Downloads/IIT_Kharagpur Dataset/ISED_database/peakImages22_2_19.jpg
84,/Users/harshartwani/Downloads/IIT_Kharagpur Dataset/ISED_database/peakImages22_3_99.jpg
85,/Users/harshartwani/Downloads/IIT_Kharagpur Dataset/ISED_database/peakImages22_5_46.jpg
86,/Users/harshartwani/Downloads/IIT_Kharagpur Dataset/ISED_database/peakImages22_6_64.jpg
87,/Users/harshartwani/Downloads/IIT_Kharagpur Dataset/ISED_database/peakImages23_10_14.jpg
88,/Users/harshartwani/Downloads/IIT_Kharagpur Dataset/ISED_database/peakImages23_11_69.jpg
89,/Users/harshartwani/Downloads/IIT_Kharagpur Dataset/ISED_database/peakImages23_12_65.jpg
90,/Users/harshartwani/Downloads/IIT_Kharagpur Dataset/ISED_database/peakImages23_13_67.jpg
91,/Users/harshartwani/Downloads/IIT_Kharagpur Dataset/ISED_database/peakImages23_1_14.jpg
92,/Users/harshartwani/Downloads/IIT_Kharagpur Dataset/ISED_database/peakImages23_2_32.jpg
93,/Users/harshartwani/Downloads/IIT_Kharagpur Dataset/ISED_database/peakImages23_3_8.jpg
94,/Users/harshartwani/Downloads/IIT_Kharagpur Dataset/ISED_database/peakImages23_4_64.jpg
95,/Users/harshartwani/Downloads/IIT_Kharagpur Dataset/ISED_database/peakImages23_5_27.jpg
96,/Users/harshartwani/Downloads/IIT_Kharagpur Dataset/ISED_database/peakImages23_6_29.jpg
97,/Users/harshartwani/Downloads/IIT_Kharagpur Dataset/ISED_database/peakImages23_7_34.jpg
98,/Users/harshartwani/Downloads/IIT_Kharagpur Dataset/ISED_database/peakImages23_8_17.jpg
99,/Users/harshartwani/Downloads/IIT_Kharagpur Dataset/ISED_database/peakImages23_9_27.jpg
100,/Users/harshartwani/Downloads/IIT_Kharagpur Dataset/ISED_database/peakImages24_2_57.jpg
101,/Users/harshartwani/Downloads/IIT_Kharagpur Dataset/ISED_database/peakImages24_3_37.jpg
102,/Users/harshartwani/Downloads/IIT_Kharagpur Dataset/ISED_database/peakImages24_4_69.jpg
103,/Users/harshartwani/Downloads/IIT_Kharagpur Dataset/ISED_database/peakImages24_5_41.jpg
104,/Users/harshartwani/Downloads/IIT_Kharagpur Dataset/ISED_database/peakImages24_6_43.jpg
105,/Users/harshartwani/Downloads/IIT_Kharagpur Dataset/ISED_database/peakImages24_7_50.jpg
106,/Users/harshartwani/Downloads/IIT_Kharagpur Dataset/ISED_database/peakImages25_10_118.jpg
107,/Users/harshartwani/Downloads/IIT_Kharagpur Dataset/ISED_database/peakImages25_11_50.jpg
108,/Users/harshartwani/Downloads/IIT_Kharagpur Dataset/ISED_database/peakImages25_12_55.jpg
109,/Users/harshartwani/Downloads/IIT_Kharagpur Dataset/ISED_database/peakImages25_13_121.jpg
110,/Users/harshartwani/Downloads/IIT_Kharagpur Dataset/ISED_database/peakImages25_14_27.jpg
111,/Users/harshartwani/Downloads/IIT_Kharagpur Dataset/ISED_database/peakImages25_15_63.jpg
112,/Users/harshartwani/Downloads/IIT_Kharagpur Dataset/ISED_database/peakImages25_16_34.jpg
113,/Users/harshartwani/Downloads/IIT_Kharagpur Dataset/ISED_database/peakImages25_2_113.jpg
114,/Users/harshartwani/Downloads/IIT_Kharagpur Dataset/ISED_database/peakImages25_3_138.jpg
115,/Users/harshartwani/Downloads/IIT_Kharagpur Dataset/ISED_database/peakImages25_4_90.jpg
116,/Users/harshartwani/Downloads/IIT_Kharagpur Dataset/ISED_database/peakImages25_5_188.jpg
117,/Users/harshartwani/Downloads/IIT_Kharagpur Dataset/ISED_database/peakImages25_6_91.jpg
118,/Users/harshartwani/Downloads/IIT_Kharagpur Dataset/ISED_database/peakImages25_7_86.jpg
119,/Users/harshartwani/Downloads/IIT_Kharagpur Dataset/ISED_database/peakImages25_8_81.jpg
120,/Users/harshartwani/Downloads/IIT_Kharagpur Dataset/ISED_database/peakImages25_9_18.jpg
121,/Users/harshartwani/Downloads/IIT_Kharagpur Dataset/ISED_database/peakImages26_11_19.jpg
122,/Users/harshartwani/Downloads/IIT_Kharagpur Dataset/ISED_database/peakImages26_12_62.jpg
123,/Users/harshartwani/Downloads/IIT_Kharagpur Dataset/ISED_database/peakImages26_13_25.jpg
124,/Users/harshartwani/Downloads/IIT_Kharagpur Dataset/ISED_database/peakImages26_14_34.jpg
125,/Users/harshartwani/Downloads/IIT_Kharagpur Dataset/ISED_database/peakImages26_1_77.jpg
126,/Users/harshartwani/Downloads/IIT_Kharagpur Dataset/ISED_database/peakImages26_2_27.jpg
127,/Users/harshartwani/Downloads/IIT_Kharagpur Dataset/ISED_database/peakImages26_3_29.jpg
128,/Users/harshartwani/Downloads/IIT_Kharagpur Dataset/ISED_database/peakImages26_4_26.jpg
129,/Users/harshartwani/Downloads/IIT_Kharagpur Dataset/ISED_database/peakImages26_6_40.jpg
130,/Users/harshartwani/Downloads/IIT_Kharagpur Dataset/ISED_database/peakImages26_7_39.jpg
131,/Users/harshartwani/Downloads/IIT_Kharagpur Dataset/ISED_database/peakImages26_8_41.jpg
132,/Users/harshartwani/Downloads/IIT_Kharagpur Dataset/ISED_database/peakImages27_1_59.jpg
133,/Users/harshartwani/Downloads/IIT_Kharagpur Dataset/ISED_database/peakImages27_2_81.jpg
134,/Users/harshartwani/Downloads/IIT_Kharagpur Dataset/ISED_database/peakImages27_3_52.jpg
135,/Users/harshartwani/Downloads/IIT_Kharagpur Dataset/ISED_database/peakImages27_4_61.jpg
136,/Users/harshartwani/Downloads/IIT_Kharagpur Dataset/ISED_database/peakImages27_5_92.jpg
137,/Users/harshartwani/Downloads/IIT_Kharagpur Dataset/ISED_database/peakImages28_1_139.jpg
138,/Users/harshartwani/Downloads/IIT_Kharagpur Dataset/ISED_database/peakImages28_2_59.jpg
139,/Users/harshartwani/Downloads/IIT_Kharagpur Dataset/ISED_database/peakImages28_3_49.jpg
140,/Users/harshartwani/Downloads/IIT_Kharagpur Dataset/ISED_database/peakImages28_7_289.jpg
141,/Users/harshartwani/Downloads/IIT_Kharagpur Dataset/ISED_database/peakImages28_8_89.jpg
142,/Users/harshartwani/Downloads/IIT_Kharagpur Dataset/ISED_database/peakImages29_1_97.jpg
143,/Users/harshartwani/Downloads/IIT_Kharagpur Dataset/ISED_database/peakImages29_2_85.jpg
144,/Users/harshartwani/Downloads/IIT_Kharagpur Dataset/ISED_database/peakImages29_3_136.jpg
145,/Users/harshartwani/Downloads/IIT_Kharagpur Dataset/ISED_database/peakImages29_4_74.jpg
146,/Users/harshartwani/Downloads/IIT_Kharagpur Dataset/ISED_database/peakImages29_6_199.jpg
147,/Users/harshartwani/Downloads/IIT_Kharagpur Dataset/ISED_database/peakImages2_10_39.jpg
148,/Users/harshartwani/Downloads/IIT_Kharagpur Dataset/ISED_database/peakImages2_12_25.jpg
149,/Users/harshartwani/Downloads/IIT_Kharagpur Dataset/ISED_database/peakImages2_13_20.jpg
150,/Users/harshartwani/Downloads/IIT_Kharagpur Dataset/ISED_database/peakImages2_2_17.jpg
151,/Users/harshartwani/Downloads/IIT_Kharagpur Dataset/ISED_database/peakImages2_3_49.jpg
152,/Users/harshartwani/Downloads/IIT_Kharagpur Dataset/ISED_database/peakImages2_5_31.jpg
153,/Users/harshartwani/Downloads/IIT_Kharagpur Dataset/ISED_database/peakImages2_6_30.jpg
154,/Users/harshartwani/Downloads/IIT_Kharagpur Dataset/ISED_database/peakImages2_7_40.jpg
155,/Users/harshartwani/Downloads/IIT_Kharagpur Dataset/ISED_database/peakImages2_8_45.jpg
156,/Users/harshartwani/Downloads/IIT_Kharagpur Dataset/ISED_database/peakImages2_9_27.jpg
157,/Users/harshartwani/Downloads/IIT_Kharagpur Dataset/ISED_database/peakImages30_1_47.jpg
158,/Users/harshartwani/Downloads/IIT_Kharagpur Dataset/ISED_database/peakImages30_2_79.jpg
159,/Users/harshartwani/Downloads/IIT_Kharagpur Dataset/ISED_database/peakImages30_5_43.jpg
160,/Users/harshartwani/Downloads/IIT_Kharagpur Dataset/ISED_database/peakImages30_6_201.jpg
161,/Users/harshartwani/Downloads/IIT_Kharagpur Dataset/ISED_database/peakImages30_7_133.jpg
162,/Users/harshartwani/Downloads/IIT_Kharagpur Dataset/ISED_database/peakImages30_8_77.jpg
163,/Users/harshartwani/Downloads/IIT_Kharagpur Dataset/ISED_database/peakImages30_9_69.jpg
164,/Users/harshartwani/Downloads/IIT_Kharagpur Dataset/ISED_database/peakImages31_10_113.jpg
165,/Users/harshartwani/Downloads/IIT_Kharagpur Dataset/ISED_database/peakImages31_11_47.jpg
166,/Users/harshartwani/Downloads/IIT_Kharagpur Dataset/ISED_database/peakImages31_12_64.jpg
167,/Users/harshartwani/Downloads/IIT_Kharagpur Dataset/ISED_database/peakImages31_13_38.jpg
168,/Users/harshartwani/Downloads/IIT_Kharagpur Dataset/ISED_database/peakImages31_14_28.jpg
169,/Users/harshartwani/Downloads/IIT_Kharagpur Dataset/ISED_database/peakImages31_15_37.jpg
170,/Users/harshartwani/Downloads/IIT_Kharagpur Dataset/ISED_database/peakImages31_1_81.jpg
171,/Users/harshartwani/Downloads/IIT_Kharagpur Dataset/ISED_database/peakImages31_2_42.jpg
172,/Users/harshartwani/Downloads/IIT_Kharagpur Dataset/ISED_database/peakImages31_4_60.jpg
173,/Users/harshartwani/Downloads/IIT_Kharagpur Dataset/ISED_database/peakImages31_6_20.jpg
174,/Users/harshartwani/Downloads/IIT_Kharagpur Dataset/ISED_database/peakImages31_7_36.jpg
175,/Users/harshartwani/Downloads/IIT_Kharagpur Dataset/ISED_database/peakImages31_8_69.jpg
176,/Users/harshartwani/Downloads/IIT_Kharagpur Dataset/ISED_database/peakImages31_9_24.jpg
177,/Users/harshartwani/Downloads/IIT_Kharagpur Dataset/ISED_database/peakImages32_10_58.jpg
178,/Users/harshartwani/Downloads/IIT_Kharagpur Dataset/ISED_database/peakImages32_11_20.jpg
179,/Users/harshartwani/Downloads/IIT_Kharagpur Dataset/ISED_database/peakImages32_12_62.jpg
180,/Users/harshartwani/Downloads/IIT_Kharagpur Dataset/ISED_database/peakImages32_13_46.jpg
181,/Users/harshartwani/Downloads/IIT_Kharagpur Dataset/ISED_database/peakImages32_1_28.jpg
182,/Users/harshartwani/Downloads/IIT_Kharagpur Dataset/ISED_database/peakImages32_2_37.jpg
183,/Users/harshartwani/Downloads/IIT_Kharagpur Dataset/ISED_database/peakImages32_3_41.jpg
184,/Users/harshartwani/Downloads/IIT_Kharagpur Dataset/ISED_database/peakImages32_4_118.jpg
185,/Users/harshartwani/Downloads/IIT_Kharagpur Dataset/ISED_database/peakImages32_5_70.jpg
186,/Users/harshartwani/Downloads/IIT_Kharagpur Dataset/ISED_database/peakImages32_6_40.jpg
187,/Users/harshartwani/Downloads/IIT_Kharagpur Dataset/ISED_database/peakImages32_7_41.jpg
188,/Users/harshartwani/Downloads/IIT_Kharagpur Dataset/ISED_database/peakImages32_8_13.jpg
189,/Users/harshartwani/Downloads/IIT_Kharagpur Dataset/ISED_database/peakImages32_9_27.jpg
190,/Users/harshartwani/Downloads/IIT_Kharagpur Dataset/ISED_database/peakImages33_1_70.jpg
191,/Users/harshartwani/Downloads/IIT_Kharagpur Dataset/ISED_database/peakImages33_2_32.jpg
192,/Users/harshartwani/Downloads/IIT_Kharagpur Dataset/ISED_database/peakImages33_3_37.jpg
193,/Users/harshartwani/Downloads/IIT_Kharagpur Dataset/ISED_database/peakImages33_4_85.jpg
194,/Users/harshartwani/Downloads/IIT_Kharagpur Dataset/ISED_database/peakImages33_5_57.jpg
195,/Users/harshartwani/Downloads/IIT_Kharagpur Dataset/ISED_database/peakImages33_6_23.jpg
196,/Users/harshartwani/Downloads/IIT_Kharagpur Dataset/ISED_database/peakImages33_7_59.jpg
197,/Users/harshartwani/Downloads/IIT_Kharagpur Dataset/ISED_database/peakImages33_8_33.jpg
198,/Users/harshartwani/Downloads/IIT_Kharagpur Dataset/ISED_database/peakImages33_9_19.jpg
199,/Users/harshartwani/Downloads/IIT_Kharagpur Dataset/ISED_database/peakImages34_1_119.jpg
200,/Users/harshartwani/Downloads/IIT_Kharagpur Dataset/ISED_database/peakImages34_2_114.jpg
201,/Users/harshartwani/Downloads/IIT_Kharagpur Dataset/ISED_database/peakImages34_3_112.jpg
202,/Users/harshartwani/Downloads/IIT_Kharagpur Dataset/ISED_database/peakImages34_4_117.jpg
203,/Users/harshartwani/Downloads/IIT_Kharagpur Dataset/ISED_database/peakImages34_5_75.jpg
204,/Users/harshartwani/Downloads/IIT_Kharagpur Dataset/ISED_database/peakImages34_6_69.jpg
205,/Users/harshartwani/Downloads/IIT_Kharagpur Dataset/ISED_database/peakImages34_7_107.jpg
206,/Users/harshartwani/Downloads/IIT_Kharagpur Dataset/ISED_database/peakImages35_10_79.jpg
207,/Users/harshartwani/Downloads/IIT_Kharagpur Dataset/ISED_database/peakImages35_12_135.jpg
208,/Users/harshartwani/Downloads/IIT_Kharagpur Dataset/ISED_database/peakImages35_13_69.jpg
209,/Users/harshartwani/Downloads/IIT_Kharagpur Dataset/ISED_database/peakImages35_1_49.jpg
210,/Users/harshartwani/Downloads/IIT_Kharagpur Dataset/ISED_database/peakImages35_2_81.jpg
211,/Users/harshartwani/Downloads/IIT_Kharagpur Dataset/ISED_database/peakImages35_3_137.jpg
212,/Users/harshartwani/Downloads/IIT_Kharagpur Dataset/ISED_database/peakImages35_4_105.jpg
213,/Users/harshartwani/Downloads/IIT_Kharagpur Dataset/ISED_database/peakImages35_5_67.jpg
214,/Users/harshartwani/Downloads/IIT_Kharagpur Dataset/ISED_database/peakImages35_6_73.jpg
215,/Users/harshartwani/Downloads/IIT_Kharagpur Dataset/ISED_database/peakImages35_7_157.jpg
216,/Users/harshartwani/Downloads/IIT_Kharagpur Dataset/ISED_database/peakImages35_8_27.jpg
217,/Users/harshartwani/Downloads/IIT_Kharagpur Dataset/ISED_database/peakImages35_9_114.jpg
218,/Users/harshartwani/Downloads/IIT_Kharagpur Dataset/ISED_database/peakImages36_1_38.jpg
219,/Users/harshartwani/Downloads/IIT_Kharagpur Dataset/ISED_database/peakImages36_2_13.jpg
220,/Users/harshartwani/Downloads/IIT_Kharagpur Dataset/ISED_database/peakImages36_3_48.jpg
221,/Users/harshartwani/Downloads/IIT_Kharagpur Dataset/ISED_database/peakImages36_4_22.jpg
222,/Users/harshartwani/Downloads/IIT_Kharagpur Dataset/ISED_database/peakImages36_5_47.jpg
223,/Users/harshartwani/Downloads/IIT_Kharagpur Dataset/ISED_database/peakImages36_6_62.jpg
224,/Users/harshartwani/Downloads/IIT_Kharagpur Dataset/ISED_database/peakImages36_7_52.jpg
225,/Users/harshartwani/Downloads/IIT_Kharagpur Dataset/ISED_database/peakImages36_8_36.jpg
226,/Users/harshartwani/Downloads/IIT_Kharagpur Dataset/ISED_database/peakImages37_1_24.jpg
227,/Users/harshartwani/Downloads/IIT_Kharagpur Dataset/ISED_database/peakImages37_3_42.jpg
228,/Users/harshartwani/Downloads/IIT_Kharagpur Dataset/ISED_database/peakImages37_4_43.jpg
229,/Users/harshartwani/Downloads/IIT_Kharagpur Dataset/ISED_database/peakImages37_5_14.jpg
230,/Users/harshartwani/Downloads/IIT_Kharagpur Dataset/ISED_database/peakImages38_10_45.jpg
231,/Users/harshartwani/Downloads/IIT_Kharagpur Dataset/ISED_database/peakImages38_11_61.jpg
232,/Users/harshartwani/Downloads/IIT_Kharagpur Dataset/ISED_database/peakImages38_12_33.jpg
233,/Users/harshartwani/Downloads/IIT_Kharagpur Dataset/ISED_database/peakImages38_1_30.jpg
234,/Users/harshartwani/Downloads/IIT_Kharagpur Dataset/ISED_database/peakImages38_2_30.jpg
235,/Users/harshartwani/Downloads/IIT_Kharagpur Dataset/ISED_database/peakImages38_3_15.jpg
236,/Users/harshartwani/Downloads/IIT_Kharagpur Dataset/ISED_database/peakImages38_4_29.jpg
237,/Users/harshartwani/Downloads/IIT_Kharagpur Dataset/ISED_database/peakImages38_5_19.jpg
238,/Users/harshartwani/Downloads/IIT_Kharagpur Dataset/ISED_database/peakImages38_6_52.jpg
239,/Users/harshartwani/Downloads/IIT_Kharagpur Dataset/ISED_database/peakImages39_1_36.jpg
240,/Users/harshartwani/Downloads/IIT_Kharagpur Dataset/ISED_database/peakImages39_2_60.jpg
241,/Users/harshartwani/Downloads/IIT_Kharagpur Dataset/ISED_database/peakImages39_3_64.jpg
242,/Users/harshartwani/Downloads/IIT_Kharagpur Dataset/ISED_database/peakImages39_4_85.jpg
243,/Users/harshartwani/Downloads/IIT_Kharagpur Dataset/ISED_database/peakImages39_5_114.jpg
244,/Users/harshartwani/Downloads/IIT_Kharagpur Dataset/ISED_database/peakImages39_6_66.jpg
245,/Users/harshartwani/Downloads/IIT_Kharagpur Dataset/ISED_database/peakImages39_7_19.jpg
246,/Users/harshartwani/Downloads/IIT_Kharagpur Dataset/ISED_database/peakImages3_10_21.jpg
247,/Users/harshartwani/Downloads/IIT_Kharagpur Dataset/ISED_database/peakImages3_11_19.jpg
248,/Users/harshartwani/Downloads/IIT_Kharagpur Dataset/ISED_database/peakImages3_12_21.jpg
249,/Users/harshartwani/Downloads/IIT_Kharagpur Dataset/ISED_database/peakImages3_13_47.jpg
250,/Users/harshartwani/Downloads/IIT_Kharagpur Dataset/ISED_database/peakImages3_14_75.jpg
251,/Users/harshartwani/Downloads/IIT_Kharagpur Dataset/ISED_database/peakImages3_15_113.jpg
252,/Users/harshartwani/Downloads/IIT_Kharagpur Dataset/ISED_database/peakImages3_16_21.jpg
253,/Users/harshartwani/Downloads/IIT_Kharagpur Dataset/ISED_database/peakImages3_1_39.jpg
254,/Users/harshartwani/Downloads/IIT_Kharagpur Dataset/ISED_database/peakImages3_2_52.jpg
255,/Users/harshartwani/Downloads/IIT_Kharagpur Dataset/ISED_database/peakImages3_3_59.jpg
256,/Users/harshartwani/Downloads/IIT_Kharagpur Dataset/ISED_database/peakImages3_4_57.jpg
257,/Users/harshartwani/Downloads/IIT_Kharagpur Dataset/ISED_database/peakImages3_5_25.jpg
258,/Users/harshartwani/Downloads/IIT_Kharagpur Dataset/ISED_database/peakImages3_6_34.jpg
259,/Users/harshartwani/Downloads/IIT_Kharagpur Dataset/ISED_database/peakImages3_7_15.jpg
260,/Users/harshartwani/Downloads/IIT_Kharagpur Dataset/ISED_database/peakImages3_8_16.jpg
261,/Users/harshartwani/Downloads/IIT_Kharagpur Dataset/ISED_database/peakImages3_9_28.jpg
262,/Users/harshartwani/Downloads/IIT_Kharagpur Dataset/ISED_database/peakImages40_12_77.jpg
263,/Users/harshartwani/Downloads/IIT_Kharagpur Dataset/ISED_database/peakImages40_1_56.jpg
264,/Users/harshartwani/Downloads/IIT_Kharagpur Dataset/ISED_database/peakImages40_2_27.jpg
265,/Users/harshartwani/Downloads/IIT_Kharagpur Dataset/ISED_database/peakImages40_3_70.jpg
266,/Users/harshartwani/Downloads/IIT_Kharagpur Dataset/ISED_database/peakImages40_5_47.jpg
267,/Users/harshartwani/Downloads/IIT_Kharagpur Dataset/ISED_database/peakImages40_6_58.jpg
268,/Users/harshartwani/Downloads/IIT_Kharagpur Dataset/ISED_database/peakImages40_7_52.jpg
269,/Users/harshartwani/Downloads/IIT_Kharagpur Dataset/ISED_database/peakImages41_10_83.jpg
270,/Users/harshartwani/Downloads/IIT_Kharagpur Dataset/ISED_database/peakImages41_11_114.jpg
271,/Users/harshartwani/Downloads/IIT_Kharagpur Dataset/ISED_database/peakImages41_12_79.jpg
272,/Users/harshartwani/Downloads/IIT_Kharagpur Dataset/ISED_database/peakImages41_1_37.jpg
273,/Users/harshartwani/Downloads/IIT_Kharagpur Dataset/ISED_database/peakImages41_2_49.jpg
274,/Users/harshartwani/Downloads/IIT_Kharagpur Dataset/ISED_database/peakImages41_3_39.jpg
275,/Users/harshartwani/Downloads/IIT_Kharagpur Dataset/ISED_database/peakImages41_6_106.jpg
276,/Users/harshartwani/Downloads/IIT_Kharagpur Dataset/ISED_database/peakImages41_7_35.jpg
277,/Users/harshartwani/Downloads/IIT_Kharagpur Dataset/ISED_database/peakImages41_8_26.jpg
278,/Users/harshartwani/Downloads/IIT_Kharagpur Dataset/ISED_database/peakImages41_9_48.jpg
279,/Users/harshartwani/Downloads/IIT_Kharagpur Dataset/ISED_database/peakImages42_11_107.jpg
280,/Users/harshartwani/Downloads/IIT_Kharagpur Dataset/ISED_database/peakImages42_1_44.jpg
281,/Users/harshartwani/Downloads/IIT_Kharagpur Dataset/ISED_database/peakImages42_3_84.jpg
282,/Users/harshartwani/Downloads/IIT_Kharagpur Dataset/ISED_database/peakImages42_4_119.jpg
283,/Users/harshartwani/Downloads/IIT_Kharagpur Dataset/ISED_database/peakImages42_5_91.jpg
284,/Users/harshartwani/Downloads/IIT_Kharagpur Dataset/ISED_database/peakImages42_6_83.jpg
285,/Users/harshartwani/Downloads/IIT_Kharagpur Dataset/ISED_database/peakImages42_7_110.jpg
286,/Users/harshartwani/Downloads/IIT_Kharagpur Dataset/ISED_database/peakImages42_8_81.jpg
287,/Users/harshartwani/Downloads/IIT_Kharagpur Dataset/ISED_database/peakImages43_10_39.jpg
288,/Users/harshartwani/Downloads/IIT_Kharagpur Dataset/ISED_database/peakImages43_2_55.jpg
289,/Users/harshartwani/Downloads/IIT_Kharagpur Dataset/ISED_database/peakImages43_4_101.jpg
290,/Users/harshartwani/Downloads/IIT_Kharagpur Dataset/ISED_database/peakImages43_5_111.jpg
291,/Users/harshartwani/Downloads/IIT_Kharagpur Dataset/ISED_database/peakImages43_6_149.jpg
292,/Users/harshartwani/Downloads/IIT_Kharagpur Dataset/ISED_database/peakImages43_7_119.jpg
293,/Users/harshartwani/Downloads/IIT_Kharagpur Dataset/ISED_database/peakImages43_8_107.jpg
294,/Users/harshartwani/Downloads/IIT_Kharagpur Dataset/ISED_database/peakImages43_9_109.jpg
295,/Users/harshartwani/Downloads/IIT_Kharagpur Dataset/ISED_database/peakImages44_10_241.jpg
296,/Users/harshartwani/Downloads/IIT_Kharagpur Dataset/ISED_database/peakImages44_11_247.jpg
297,/Users/harshartwani/Downloads/IIT_Kharagpur Dataset/ISED_database/peakImages44_12_43.jpg
298,/Users/harshartwani/Downloads/IIT_Kharagpur Dataset/ISED_database/peakImages44_15_67.jpg
299,/Users/harshartwani/Downloads/IIT_Kharagpur Dataset/ISED_database/peakImages44_16_46.jpg
300,/Users/harshartwani/Downloads/IIT_Kharagpur Dataset/ISED_database/peakImages44_17_56.jpg
301,/Users/harshartwani/Downloads/IIT_Kharagpur Dataset/ISED_database/peakImages44_18_15.jpg
302,/Users/harshartwani/Downloads/IIT_Kharagpur Dataset/ISED_database/peakImages44_19_45.jpg
303,/Users/harshartwani/Downloads/IIT_Kharagpur Dataset/ISED_database/peakImages44_1_61.jpg
304,/Users/harshartwani/Downloads/IIT_Kharagpur Dataset/ISED_database/peakImages44_20_57.jpg
305,/Users/harshartwani/Downloads/IIT_Kharagpur Dataset/ISED_database/peakImages44_2_65.jpg
306,/Users/harshartwani/Downloads/IIT_Kharagpur Dataset/ISED_database/peakImages44_3_31.jpg
307,/Users/harshartwani/Downloads/IIT_Kharagpur Dataset/ISED_database/peakImages44_4_61.jpg
308,/Users/harshartwani/Downloads/IIT_Kharagpur Dataset/ISED_database/peakImages44_5_157.jpg
309,/Users/harshartwani/Downloads/IIT_Kharagpur Dataset/ISED_database/peakImages44_6_65.jpg
310,/Users/harshartwani/Downloads/IIT_Kharagpur Dataset/ISED_database/peakImages44_7_78.jpg
311,/Users/harshartwani/Downloads/IIT_Kharagpur Dataset/ISED_database/peakImages44_8_79.jpg
312,/Users/harshartwani/Downloads/IIT_Kharagpur Dataset/ISED_database/peakImages44_9_115.jpg
313,/Users/harshartwani/Downloads/IIT_Kharagpur Dataset/ISED_database/peakImages45_10_71.jpg
314,/Users/harshartwani/Downloads/IIT_Kharagpur Dataset/ISED_database/peakImages45_11_126.jpg
315,/Users/harshartwani/Downloads/IIT_Kharagpur Dataset/ISED_database/peakImages45_13_65.jpg
316,/Users/harshartwani/Downloads/IIT_Kharagpur Dataset/ISED_database/peakImages45_15_84.jpg
317,/Users/harshartwani/Downloads/IIT_Kharagpur Dataset/ISED_database/peakImages45_16_70.jpg
318,/Users/harshartwani/Downloads/IIT_Kharagpur Dataset/ISED_database/peakImages45_1_78.jpg
319,/Users/harshartwani/Downloads/IIT_Kharagpur Dataset/ISED_database/peakImages45_20_61.jpg
320,/Users/harshartwani/Downloads/IIT_Kharagpur Dataset/ISED_database/peakImages45_21_80.jpg
321,/Users/harshartwani/Downloads/IIT_Kharagpur Dataset/ISED_database/peakImages45_22_153.jpg
322,/Users/harshartwani/Downloads/IIT_Kharagpur Dataset/ISED_database/peakImages45_3_26.jpg
323,/Users/harshartwani/Downloads/IIT_Kharagpur Dataset/ISED_database/peakImages45_4_215.jpg
324,/Users/harshartwani/Downloads/IIT_Kharagpur Dataset/ISED_database/peakImages45_6_33.jpg
325,/Users/harshartwani/Downloads/IIT_Kharagpur Dataset/ISED_database/peakImages45_7_63.jpg
326,/Users/harshartwani/Downloads/IIT_Kharagpur Dataset/ISED_database/peakImages45_8_62.jpg
327,/Users/harshartwani/Downloads/IIT_Kharagpur Dataset/ISED_database/peakImages45_9_73.jpg
328,/Users/harshartwani/Downloads/IIT_Kharagpur Dataset/ISED_database/peakImages46_1_43.jpg
329,/Users/harshartwani/Downloads/IIT_Kharagpur Dataset/ISED_database/peakImages46_2_45.jpg
330,/Users/harshartwani/Downloads/IIT_Kharagpur Dataset/ISED_database/peakImages46_3_24.jpg
331,/Users/harshartwani/Downloads/IIT_Kharagpur Dataset/ISED_database/peakImages46_4_30.jpg
332,/Users/harshartwani/Downloads/IIT_Kharagpur Dataset/ISED_database/peakImages46_5_63.jpg
333,/Users/harshartwani/Downloads/IIT_Kharagpur Dataset/ISED_database/peakImages46_6_61.jpg
334,/Users/harshartwani/Downloads/IIT_Kharagpur Dataset/ISED_database/peakImages46_7_23.jpg
335,/Users/harshartwani/Downloads/IIT_Kharagpur Dataset/ISED_database/peakImages47_10_14.jpg
336,/Users/harshartwani/Downloads/IIT_Kharagpur Dataset/ISED_database/peakImages47_11_37.jpg
337,/Users/harshartwani/Downloads/IIT_Kharagpur Dataset/ISED_database/peakImages47_1_26.jpg
338,/Users/harshartwani/Downloads/IIT_Kharagpur Dataset/ISED_database/peakImages47_2_42.jpg
339,/Users/harshartwani/Downloads/IIT_Kharagpur Dataset/ISED_database/peakImages47_3_63.jpg
340,/Users/harshartwani/Downloads/IIT_Kharagpur Dataset/ISED_database/peakImages47_4_75.jpg
341,/Users/harshartwani/Downloads/IIT_Kharagpur Dataset/ISED_database/peakImages47_5_43.jpg
342,/Users/harshartwani/Downloads/IIT_Kharagpur Dataset/ISED_database/peakImages47_6_41.jpg
343,/Users/harshartwani/Downloads/IIT_Kharagpur Dataset/ISED_database/peakImages47_7_32.jpg
344,/Users/harshartwani/Downloads/IIT_Kharagpur Dataset/ISED_database/peakImages47_8_27.jpg
345,/Users/harshartwani/Downloads/IIT_Kharagpur Dataset/ISED_database/peakImages47_9_46.jpg
346,/Users/harshartwani/Downloads/IIT_Kharagpur Dataset/ISED_database/peakImages48_10_29.jpg
347,/Users/harshartwani/Downloads/IIT_Kharagpur Dataset/ISED_database/peakImages48_13_33.jpg
348,/Users/harshartwani/Downloads/IIT_Kharagpur Dataset/ISED_database/peakImages48_14_40.jpg
349,/Users/harshartwani/Downloads/IIT_Kharagpur Dataset/ISED_database/peakImages48_1_40.jpg
350,/Users/harshartwani/Downloads/IIT_Kharagpur Dataset/ISED_database/peakImages48_2_53.jpg
351,/Users/harshartwani/Downloads/IIT_Kharagpur Dataset/ISED_database/peakImages48_3_23.jpg
352,/Users/harshartwani/Downloads/IIT_Kharagpur Dataset/ISED_database/peakImages48_4_23.jpg
353,/Users/harshartwani/Downloads/IIT_Kharagpur Dataset/ISED_database/peakImages48_5_37.jpg
354,/Users/harshartwani/Downloads/IIT_Kharagpur Dataset/ISED_database/peakImages48_6_17.jpg
355,/Users/harshartwani/Downloads/IIT_Kharagpur Dataset/ISED_database/peakImages48_7_31.jpg
356,/Users/harshartwani/Downloads/IIT_Kharagpur Dataset/ISED_database/peakImages48_8_37.jpg
357,/Users/harshartwani/Downloads/IIT_Kharagpur Dataset/ISED_database/peakImages48_9_51.jpg
358,/Users/harshartwani/Downloads/IIT_Kharagpur Dataset/ISED_database/peakImages49_1_41.jpg
359,/Users/harshartwani/Downloads/IIT_Kharagpur Dataset/ISED_database/peakImages49_2_59.jpg
360,/Users/harshartwani/Downloads/IIT_Kharagpur Dataset/ISED_database/peakImages49_3_60.jpg
361,/Users/harshartwani/Downloads/IIT_Kharagpur Dataset/ISED_database/peakImages49_4_42.jpg
362,/Users/harshartwani/Downloads/IIT_Kharagpur Dataset/ISED_database/peakImages49_5_34.jpg
363,/Users/harshartwani/Downloads/IIT_Kharagpur Dataset/ISED_database/peakImages49_6_48.jpg
364,/Users/harshartwani/Downloads/IIT_Kharagpur Dataset/ISED_database/peakImages4_10_58.jpg
365,/Users/harshartwani/Downloads/IIT_Kharagpur Dataset/ISED_database/peakImages4_11_20.jpg
366,/Users/harshartwani/Downloads/IIT_Kharagpur Dataset/ISED_database/peakImages4_13_37.jpg
367,/Users/harshartwani/Downloads/IIT_Kharagpur Dataset/ISED_database/peakImages4_1_131.jpg
368,/Users/harshartwani/Downloads/IIT_Kharagpur Dataset/ISED_database/peakImages4_4_54.jpg
369,/Users/harshartwani/Downloads/IIT_Kharagpur Dataset/ISED_database/peakImages4_5_15.jpg
370,/Users/harshartwani/Downloads/IIT_Kharagpur Dataset/ISED_database/peakImages4_7_86.jpg
371,/Users/harshartwani/Downloads/IIT_Kharagpur Dataset/ISED_database/peakImages4_8_64.jpg
372,/Users/harshartwani/Downloads/IIT_Kharagpur Dataset/ISED_database/peakImages4_9_153.jpg
373,/Users/harshartwani/Downloads/IIT_Kharagpur Dataset/ISED_database/peakImages50_1_92.jpg
374,/Users/harshartwani/Downloads/IIT_Kharagpur Dataset/ISED_database/peakImages51_10_67.jpg
375,/Users/harshartwani/Downloads/IIT_Kharagpur Dataset/ISED_database/peakImages51_11_142.jpg
376,/Users/harshartwani/Downloads/IIT_Kharagpur Dataset/ISED_database/peakImages51_12_96.jpg
377,/Users/harshartwani/Downloads/IIT_Kharagpur Dataset/ISED_database/peakImages51_13_25.jpg
378,/Users/harshartwani/Downloads/IIT_Kharagpur Dataset/ISED_database/peakImages51_14_73.jpg
379,/Users/harshartwani/Downloads/IIT_Kharagpur Dataset/ISED_database/peakImages51_15_50.jpg
380,/Users/harshartwani/Downloads/IIT_Kharagpur Dataset/ISED_database/peakImages51_16_24.jpg
381,/Users/harshartwani/Downloads/IIT_Kharagpur Dataset/ISED_database/peakImages51_17_79.jpg
382,/Users/harshartwani/Downloads/IIT_Kharagpur Dataset/ISED_database/peakImages51_18_60.jpg
383,/Users/harshartwani/Downloads/IIT_Kharagpur Dataset/ISED_database/peakImages51_1_56.jpg
384,/Users/harshartwani/Downloads/IIT_Kharagpur Dataset/ISED_database/peakImages51_2_85.jpg
385,/Users/harshartwani/Downloads/IIT_Kharagpur Dataset/ISED_database/peakImages51_3_87.jpg
386,/Users/harshartwani/Downloads/IIT_Kharagpur Dataset/ISED_database/peakImages51_4_67.jpg
387,/Users/harshartwani/Downloads/IIT_Kharagpur Dataset/ISED_database/peakImages51_5_38.jpg
388,/Users/harshartwani/Downloads/IIT_Kharagpur Dataset/ISED_database/peakImages51_6_132.jpg
389,/Users/harshartwani/Downloads/IIT_Kharagpur Dataset/ISED_database/peakImages51_7_207.jpg
390,/Users/harshartwani/Downloads/IIT_Kharagpur Dataset/ISED_database/peakImages5_13_29.jpg
391,/Users/harshartwani/Downloads/IIT_Kharagpur Dataset/ISED_database/peakImages5_3_85.jpg
392,/Users/harshartwani/Downloads/IIT_Kharagpur Dataset/ISED_database/peakImages5_4_224.jpg
393,/Users/harshartwani/Downloads/IIT_Kharagpur Dataset/ISED_database/peakImages5_6_171.jpg
394,/Users/harshartwani/Downloads/IIT_Kharagpur Dataset/ISED_database/peakImages5_7_59.jpg
395,/Users/harshartwani/Downloads/IIT_Kharagpur Dataset/ISED_database/peakImages5_8_39.jpg
396,/Users/harshartwani/Downloads/IIT_Kharagpur Dataset/ISED_database/peakImages5_9_31.jpg
397,/Users/harshartwani/Downloads/IIT_Kharagpur Dataset/ISED_database/peakImages6_1_37.jpg
398,/Users/harshartwani/Downloads/IIT_Kharagpur Dataset/ISED_database/peakImages6_2_83.jpg
399,/Users/harshartwani/Downloads/IIT_Kharagpur Dataset/ISED_database/peakImages6_3_33.jpg
400,/Users/harshartwani/Downloads/IIT_Kharagpur Dataset/ISED_database/peakImages6_4_13.jpg
401,/Users/harshartwani/Downloads/IIT_Kharagpur Dataset/ISED_database/peakImages6_5_54.jpg
402,/Users/harshartwani/Downloads/IIT_Kharagpur Dataset/ISED_database/peakImages7_11_33.jpg
403,/Users/harshartwani/Downloads/IIT_Kharagpur Dataset/ISED_database/peakImages7_1_14.jpg
404,/Users/harshartwani/Downloads/IIT_Kharagpur Dataset/ISED_database/peakImages7_2_44.jpg
405,/Users/harshartwani/Downloads/IIT_Kharagpur Dataset/ISED_database/peakImages7_3_44.jpg
406,/Users/harshartwani/Downloads/IIT_Kharagpur Dataset/ISED_database/peakImages7_5_59.jpg
407,/Users/harshartwani/Downloads/IIT_Kharagpur Dataset/ISED_database/peakImages7_6_59.jpg
408,/Users/harshartwani/Downloads/IIT_Kharagpur Dataset/ISED_database/peakImages7_7_29.jpg
409,/Users/harshartwani/Downloads/IIT_Kharagpur Dataset/ISED_database/peakImages7_8_39.jpg
410,/Users/harshartwani/Downloads/IIT_Kharagpur Dataset/ISED_database/peakImages7_9_51.jpg
411,/Users/harshartwani/Downloads/IIT_Kharagpur Dataset/ISED_database/peakImages8_1_18.jpg
412,/Users/harshartwani/Downloads/IIT_Kharagpur Dataset/ISED_database/peakImages8_2_33.jpg
413,/Users/harshartwani/Downloads/IIT_Kharagpur Dataset/ISED_database/peakImages8_3_31.jpg
414,/Users/harshartwani/Downloads/IIT_Kharagpur Dataset/ISED_database/peakImages8_4_23.jpg
415,/Users/harshartwani/Downloads/IIT_Kharagpur Dataset/ISED_database/peakImages8_5_43.jpg
416,/Users/harshartwani/Downloads/IIT_Kharagpur Dataset/ISED_database/peakImages9_10_9.jpg
417,/Users/harshartwani/Downloads/IIT_Kharagpur Dataset/ISED_database/peakImages9_11_64.jpg
418,/Users/harshartwani/Downloads/IIT_Kharagpur Dataset/ISED_database/peakImages9_12_35.jpg
419,/Users/harshartwani/Downloads/IIT_Kharagpur Dataset/ISED_database/peakImages9_13_87.jpg
420,/Users/harshartwani/Downloads/IIT_Kharagpur Dataset/ISED_database/peakImages9_14_41.jpg
421,/Users/harshartwani/Downloads/IIT_Kharagpur Dataset/ISED_database/peakImages9_15_25.jpg
422,/Users/harshartwani/Downloads/IIT_Kharagpur Dataset/ISED_database/peakImages9_1_117.jpg
423,/Users/harshartwani/Downloads/IIT_Kharagpur Dataset/ISED_database/peakImages9_2_58.jpg
424,/Users/harshartwani/Downloads/IIT_Kharagpur Dataset/ISED_database/peakImages9_3_22.jpg
425,/Users/harshartwani/Downloads/IIT_Kharagpur Dataset/ISED_database/peakImages9_7_63.jpg
426,/Users/harshartwani/Downloads/IIT_Kharagpur Dataset/ISED_database/peakImages9_8_44.jpg
427,/Users/harshartwani/Downloads/IIT_Kharagpur Dataset/ISED_database/peakImages9_9_37.jpg
